graph_id,graph_label
0,0.1_200
1,0.101_250
2,0.10200000000000001_300
3,0.10300000000000001_350
4,0.10400000000000001_400
5,0.2_200
6,0.201_250
7,0.202_300
8,0.203_350
9,0.20400000000000001_400
10,0.3_200
11,0.301_250
12,0.302_300
13,0.303_350
14,0.304_400
15,0.4_200
16,0.401_250
17,0.402_300
18,0.403_350
19,0.404_400
20,0.5_200
21,0.501_250
22,0.502_300
23,0.503_350
24,0.504_400
